disease,method,rejection_rate,fn_rejection_pct,tn_rejection_pct,fp_rejection_pct,tp_rejection_pct
MS,h_total,0.0,0.0,0.0,0.0,0.0
MS,h_total,0.05,1.1460366705808067e-14,0.0,12.290502793296074,21.311475409836056
MS,h_total,0.1,1.1460366705808067e-14,-1.2688263138573217e-14,25.69832402234637,40.983606557377044
MS,h_total,0.15,3.43811001174242e-14,0.0,41.34078212290502,54.09836065573771
MS,h_total,0.2,1.1460366705808067e-14,0.0,54.7486033519553,73.77049180327867
MS,h_total,0.25,1.1460366705808067e-14,0.0,70.94972067039106,85.24590163934425
MS,h_total,0.3,1.1460366705808067e-14,0.0,87.70949720670393,95.08196721311475
MS,h_total,0.35,6.451612903225818,2.0089285714285716,100.0,100.0
MS,h_total,0.4,29.032258064516135,8.482142857142858,100.0,100.0
MS,h_total,0.45,35.48387096774194,16.071428571428584,100.0,100.0
MS,h_total,0.5,51.61290322580646,22.991071428571427,100.0,100.0
MS,h_total,0.55,58.06451612903227,30.580357142857146,100.0,100.0
MS,h_total,0.6,64.51612903225808,38.169642857142854,100.0,100.0
MS,h_total,0.65,70.96774193548387,45.75892857142856,100.0,100.0
MS,h_total,0.7,70.96774193548387,53.79464285714286,100.0,100.0
MS,h_total,0.75,77.41935483870968,61.38392857142857,100.0,100.0
MS,h_total,0.8,80.64516129032259,69.19642857142857,100.0,100.0
MS,margin,0.0,0.0,0.0,0.0,0.0
MS,margin,0.05,9.677419354838698,2.4553571428571304,11.173184357541883,1.6393442622950707
MS,margin,0.1,22.58064516129033,6.250000000000012,17.877094972067024,6.557377049180306
MS,margin,0.15,35.48387096774193,10.9375,23.463687150837988,8.196721311475411
MS,margin,0.2,38.70967741935486,17.187500000000014,27.37430167597767,8.1967213114754
MS,margin,0.25,54.83870967741936,22.544642857142858,29.05027932960895,14.75409836065574
MS,margin,0.3,58.06451612903225,28.348214285714285,32.40223463687149,19.672131147540988
MS,margin,0.35,64.51612903225805,34.598214285714285,35.754189944134076,19.672131147540973
MS,margin,0.4,67.74193548387099,40.625,39.106145251396654,22.95081967213115
MS,margin,0.45,70.96774193548387,47.99107142857143,40.22346368715084,22.950819672131125
MS,margin,0.5,70.96774193548386,55.35714285714286,41.34078212290502,24.590163934426233
MS,margin,0.55,77.41935483870968,61.60714285714286,44.134078212290504,26.2295081967213
MS,margin,0.6,80.64516129032259,68.30357142857143,46.368715083798875,27.868852459016395
MS,margin,0.65,83.8709677419355,75.22321428571429,48.04469273743017,29.50819672131147
MS,margin,0.7,93.5483870967742,81.69642857142857,49.72067039106145,31.147540983606547
MS,margin,0.75,93.5483870967742,87.94642857142857,52.513966480446925,36.06557377049181
MS,margin,0.8,100.0,94.41964285714286,53.6312849162011,40.983606557377044
MS,h_tau,0.0,0.0,0.0,0.0,0.0
MS,h_tau,0.05,3.2258064516128915,0.4464285714285714,16.201117318435738,4.9180327868852345
MS,h_tau,0.1,6.451612903225818,1.339285714285727,29.608938547486023,16.393442622950822
MS,h_tau,0.15,9.67741935483872,3.3482142857142856,41.34078212290502,24.590163934426222
MS,h_tau,0.2,16.129032258064537,4.241071428571429,53.072625698324025,39.34426229508195
MS,h_tau,0.25,22.58064516129032,5.803571428571441,65.36312849162012,47.54098360655737
MS,h_tau,0.3,29.032258064516125,8.48214285714287,73.74301675977654,59.01639344262294
MS,h_tau,0.35,35.48387096774193,11.383928571428584,81.56424581005585,70.49180327868852
MS,h_tau,0.4,35.48387096774194,16.294642857142858,87.15083798882681,77.04918032786885
MS,h_tau,0.45,51.61290322580647,21.428571428571416,89.3854748603352,83.60655737704917
MS,h_tau,0.5,58.06451612903225,26.11607142857144,93.85474860335195,91.80327868852459
MS,h_tau,0.55,58.06451612903225,32.36607142857143,96.64804469273743,96.72131147540983
MS,h_tau,0.6,64.51612903225808,38.839285714285715,98.88268156424581,98.36065573770492
MS,h_tau,0.65,70.96774193548387,46.20535714285713,98.88268156424581,100.0
MS,h_tau,0.7,70.96774193548387,54.01785714285714,99.4413407821229,100.0
MS,h_tau,0.75,77.41935483870968,61.38392857142857,100.0,100.0
MS,h_tau,0.8,80.64516129032259,69.19642857142857,100.0,100.0
MS,h_tau_ccr,0.0,0.0,0.0,0.0,0.0
MS,h_tau_ccr,0.05,16.129032258064537,4.01785714285713,6.703910614525157,-2.3296483139675417e-14
MS,h_tau_ccr,0.1,29.032258064516135,8.482142857142858,11.73184357541901,4.918032786885247
MS,h_tau_ccr,0.15,35.48387096774194,13.392857142857132,17.877094972067056,6.557377049180306
MS,h_tau_ccr,0.2,45.16129032258065,18.080357142857142,24.022346368715066,8.196721311475411
MS,h_tau_ccr,0.25,54.83870967741936,22.767857142857157,28.49162011173184,14.75409836065574
MS,h_tau_ccr,0.3,58.06451612903225,27.901785714285715,33.51955307262568,19.672131147540988
MS,h_tau_ccr,0.35,58.06451612903225,33.258928571428584,39.10614525139664,22.950819672131125
MS,h_tau_ccr,0.4,64.51612903225808,38.169642857142854,44.69273743016759,26.22950819672129
MS,h_tau_ccr,0.45,67.74193548387099,43.30357142857142,49.72067039106145,31.147540983606547
MS,h_tau_ccr,0.5,70.96774193548389,48.437500000000014,53.072625698324025,40.983606557377044
MS,h_tau_ccr,0.55,70.96774193548387,53.79464285714286,58.10055865921788,45.90163934426229
MS,h_tau_ccr,0.6,70.96774193548387,59.15178571428571,64.24581005586593,47.54098360655737
MS,h_tau_ccr,0.65,80.64516129032259,63.83928571428571,69.27374301675978,52.4590163934426
MS,h_tau_ccr,0.7,80.64516129032259,69.19642857142857,73.74301675977654,59.01639344262295
MS,h_tau_ccr,0.75,83.87096774193549,74.33035714285714,78.2122905027933,65.57377049180327
MS,h_tau_ccr,0.8,90.32258064516128,79.24107142857143,83.24022346368714,70.49180327868852
MS,random_ccr,0.0,0.0,0.0,0.0,0.0
MS,random_ccr,0.05,6.451612903225794,4.6875,4.469273743016744,6.557377049180317
MS,random_ccr,0.1,6.451612903225828,10.04464285714287,10.055865921787678,9.836065573770481
MS,random_ccr,0.15,9.677419354838731,15.178571428571427,13.96648044692736,18.03278688524588
MS,random_ccr,0.2,16.129032258064537,20.089285714285715,20.11173184357542,19.672131147540988
MS,random_ccr,0.25,29.03225806451615,24.553571428571427,24.581005586592177,26.22950819672129
MS,random_ccr,0.3,41.93548387096775,29.017857142857146,30.16759776536313,29.50819672131147
MS,random_ccr,0.35,41.93548387096774,34.375000000000014,36.312849162011176,31.147540983606547
MS,random_ccr,0.4,48.38709677419356,39.28571428571427,42.458100558659225,32.78688524590163
MS,random_ccr,0.45,58.06451612903227,43.97321428571429,47.48603351955307,37.70491803278688
MS,random_ccr,0.5,61.29032258064515,49.107142857142854,51.95530726256982,44.26229508196721
MS,random_ccr,0.55,70.96774193548387,53.79464285714286,56.983240223463696,49.18032786885245
MS,random_ccr,0.6,74.19354838709677,58.92857142857143,62.56983240223464,52.45901639344262
MS,random_ccr,0.65,74.19354838709677,64.28571428571429,66.4804469273743,60.65573770491803
MS,random_ccr,0.7,77.41935483870968,69.41964285714286,72.62569832402235,62.29508196721311
MS,random_ccr,0.75,80.64516129032259,74.55357142857143,77.6536312849162,67.21311475409836
MS,random_ccr,0.8,87.09677419354838,79.46428571428571,82.12290502793296,73.77049180327869
MS,h_total_ccr,0.0,0.0,0.0,0.0,0.0
MS,h_total_ccr,0.05,16.129032258064512,4.01785714285713,4.4692737430167595,6.557377049180317
MS,h_total_ccr,0.1,29.03225806451615,8.482142857142858,8.938547486033535,13.114754098360645
MS,h_total_ccr,0.15,35.483870967741964,13.392857142857132,12.849162011173185,21.311475409836056
MS,h_total_ccr,0.2,45.16129032258065,18.080357142857142,16.759776536312863,29.50819672131147
MS,h_total_ccr,0.25,54.83870967741935,22.767857142857142,21.787709497206702,34.42622950819671
MS,h_total_ccr,0.3,58.06451612903227,27.901785714285715,26.25698324022348,40.98360655737703
MS,h_total_ccr,0.35,58.06451612903227,33.25892857142857,30.72625698324023,47.540983606557354
MS,h_total_ccr,0.4,64.51612903225808,38.169642857142854,35.75418994413407,52.459016393442624
MS,h_total_ccr,0.45,67.74193548387096,43.30357142857142,41.89944134078212,54.09836065573771
MS,h_total_ccr,0.5,70.96774193548389,48.43749999999999,46.927374301675975,59.01639344262295
MS,h_total_ccr,0.55,70.96774193548387,53.79464285714286,50.27932960893855,68.85245901639342
MS,h_total_ccr,0.6,70.96774193548387,59.15178571428571,55.307262569832396,73.77049180327869
MS,h_total_ccr,0.65,80.64516129032259,63.83928571428571,60.893854748603346,77.04918032786885
MS,h_total_ccr,0.7,80.64516129032259,69.19642857142857,66.4804469273743,80.32786885245902
MS,h_total_ccr,0.75,83.87096774193549,74.33035714285714,70.94972067039106,86.88524590163934
MS,h_total_ccr,0.8,90.32258064516128,79.24107142857143,75.97765363128491,91.80327868852459
MS,margin_ccr,0.0,0.0,0.0,0.0,0.0
MS,margin_ccr,0.05,16.129032258064537,4.01785714285713,6.703910614525157,-2.3296483139675417e-14
MS,margin_ccr,0.1,29.032258064516135,8.482142857142858,11.73184357541901,4.918032786885247
MS,margin_ccr,0.15,35.48387096774194,13.392857142857132,17.877094972067056,6.557377049180306
MS,margin_ccr,0.2,41.93548387096775,18.303571428571416,24.0223463687151,8.1967213114754
MS,margin_ccr,0.25,54.83870967741935,22.767857142857142,29.050279329608923,13.114754098360645
MS,margin_ccr,0.3,58.06451612903225,27.901785714285715,33.51955307262568,19.672131147540988
MS,margin_ccr,0.35,61.29032258064516,33.03571428571427,39.106145251396654,22.95081967213115
MS,margin_ccr,0.4,64.51612903225808,38.169642857142854,44.69273743016759,26.22950819672129
MS,margin_ccr,0.45,67.74193548387099,43.30357142857142,49.72067039106145,31.147540983606547
MS,margin_ccr,0.5,70.96774193548389,48.437500000000014,53.072625698324025,40.983606557377044
MS,margin_ccr,0.55,70.96774193548387,53.79464285714286,58.10055865921788,45.90163934426229
MS,margin_ccr,0.6,70.96774193548387,59.15178571428571,64.24581005586593,47.54098360655737
MS,margin_ccr,0.65,80.64516129032259,63.83928571428571,69.27374301675978,52.4590163934426
MS,margin_ccr,0.7,80.64516129032259,69.19642857142857,73.74301675977654,59.01639344262295
MS,margin_ccr,0.75,83.87096774193549,74.33035714285714,78.2122905027933,65.57377049180327
MS,margin_ccr,0.8,90.32258064516128,79.24107142857143,83.24022346368714,70.49180327868852
PD,h_total,0.0,0.0,0.0,0.0,0.0
PD,h_total,0.05,-2.6316397620744448e-14,1.246566203087895e-14,16.666666666666647,8.695652173913043
PD,h_total,0.1,0.0,0.0,33.33333333333333,17.391304347826086
PD,h_total,0.15,0.0,0.0,47.22222222222221,27.536231884057973
PD,h_total,0.2,-2.6316397620744448e-14,0.0,58.333333333333336,40.57971014492754
PD,h_total,0.25,3.7037037037037033,0.8771929824561403,69.44444444444443,49.275362318840585
PD,h_total,0.3,18.51851851851852,4.385964912280701,72.22222222222221,53.62318840579711
PD,h_total,0.35,33.33333333333333,7.894736842105263,72.2222222222222,60.86956521739131
PD,h_total,0.4,40.74074074074074,12.280701754385964,77.77777777777779,65.21739130434783
PD,h_total,0.45,48.14814814814816,17.54385964912282,83.33333333333331,68.11594202898551
PD,h_total,0.5,55.55555555555556,21.052631578947356,88.8888888888889,75.36231884057972
PD,h_total,0.55,55.55555555555556,29.82456140350877,88.88888888888887,78.26086956521739
PD,h_total,0.6,55.55555555555556,37.719298245614034,91.66666666666666,81.15942028985508
PD,h_total,0.65,62.96296296296296,42.10526315789473,94.44444444444444,86.95652173913044
PD,h_total,0.7,62.96296296296296,50.877192982456144,94.44444444444444,91.30434782608695
PD,h_total,0.75,66.66666666666666,58.77192982456141,97.22222222222221,92.7536231884058
PD,h_total,0.8,74.07407407407408,64.03508771929825,97.22222222222221,98.55072463768117
PD,margin,0.0,0.0,0.0,0.0,0.0
PD,margin,0.05,11.111111111111084,2.631578947368421,8.333333333333353,4.3478260869565215
PD,margin,0.1,22.22222222222222,7.017543859649122,16.66666666666668,5.797101449275362
PD,margin,0.15,40.740740740740755,10.52631578947367,22.22222222222222,7.246376811594203
PD,margin,0.2,44.444444444444464,15.789473684210526,30.555555555555557,11.594202898550725
PD,margin,0.25,48.14814814814816,18.421052631578945,41.66666666666666,17.39130434782607
PD,margin,0.3,55.55555555555557,22.807017543859647,47.22222222222222,21.73913043478261
PD,margin,0.35,55.55555555555556,31.57894736842105,52.77777777777778,23.18840579710145
PD,margin,0.4,55.55555555555556,38.59649122807019,58.33333333333333,26.08695652173913
PD,margin,0.45,62.96296296296296,43.859649122807014,61.11111111111111,30.434782608695667
PD,margin,0.5,62.96296296296296,54.385964912280706,61.11111111111111,31.88405797101449
PD,margin,0.55,66.66666666666669,61.40350877192983,63.888888888888886,34.78260869565217
PD,margin,0.6,77.77777777777779,67.54385964912281,63.888888888888886,37.68115942028986
PD,margin,0.65,85.18518518518519,73.68421052631578,63.888888888888886,42.028985507246375
PD,margin,0.7,88.88888888888889,79.82456140350878,63.888888888888886,49.275362318840585
PD,margin,0.75,92.5925925925926,85.96491228070175,72.22222222222221,50.72463768115942
PD,margin,0.8,100.0,93.85964912280701,72.22222222222221,52.17391304347826
PD,h_tau,0.0,0.0,0.0,0.0,0.0
PD,h_tau,0.05,11.111111111111084,1.7543859649122806,11.111111111111121,4.3478260869565215
PD,h_tau,0.1,18.51851851851852,5.263157894736842,22.2222222222222,7.246376811594203
PD,h_tau,0.15,33.33333333333333,8.771929824561402,27.77777777777779,10.144927536231885
PD,h_tau,0.2,40.74074074074074,10.52631578947367,38.8888888888889,17.391304347826086
PD,h_tau,0.25,44.44444444444446,14.9122807017544,47.22222222222221,21.73913043478261
PD,h_tau,0.3,48.148148148148145,18.421052631578945,58.33333333333335,26.08695652173913
PD,h_tau,0.35,55.55555555555557,22.807017543859637,61.111111111111114,33.33333333333333
PD,h_tau,0.4,55.55555555555557,29.82456140350877,63.888888888888886,37.68115942028986
PD,h_tau,0.45,55.55555555555556,34.21052631578947,63.888888888888886,47.82608695652174
PD,h_tau,0.5,59.25925925925925,39.473684210526315,72.22222222222221,52.17391304347826
PD,h_tau,0.55,62.96296296296296,44.73684210526315,72.22222222222221,59.42028985507246
PD,h_tau,0.6,62.96296296296296,50.877192982456144,77.77777777777779,63.76811594202898
PD,h_tau,0.65,66.66666666666666,57.89473684210527,83.33333333333334,65.21739130434783
PD,h_tau,0.7,74.07407407407408,64.03508771929825,83.33333333333334,71.01449275362319
PD,h_tau,0.75,77.77777777777779,69.2982456140351,88.88888888888889,75.36231884057972
PD,h_tau,0.8,88.88888888888889,75.43859649122807,88.88888888888889,78.26086956521739
PD,h_tau_ccr,0.0,0.0,0.0,0.0,0.0
PD,h_tau_ccr,0.05,14.814814814814813,2.631578947368421,8.333333333333353,2.898550724637681
PD,h_tau_ccr,0.1,22.22222222222222,7.017543859649122,16.66666666666668,5.797101449275362
PD,h_tau_ccr,0.15,40.740740740740755,8.771929824561415,25.0,8.695652173913043
PD,h_tau_ccr,0.2,44.44444444444446,14.035087719298245,33.33333333333333,13.043478260869565
PD,h_tau_ccr,0.25,51.85185185185185,18.421052631578945,38.88888888888889,17.391304347826086
PD,h_tau_ccr,0.3,55.55555555555557,23.684210526315777,44.444444444444436,21.73913043478261
PD,h_tau_ccr,0.35,55.55555555555556,29.82456140350877,55.55555555555557,23.18840579710145
PD,h_tau_ccr,0.4,55.55555555555556,35.96491228070175,61.111111111111114,28.985507246376812
PD,h_tau_ccr,0.45,62.962962962962976,40.35087719298245,63.88888888888887,34.78260869565217
PD,h_tau_ccr,0.5,62.96296296296296,46.49122807017544,63.888888888888886,42.02898550724637
PD,h_tau_ccr,0.55,62.96296296296296,52.63157894736842,63.888888888888886,49.275362318840585
PD,h_tau_ccr,0.6,66.66666666666666,57.89473684210527,72.22222222222221,53.62318840579711
PD,h_tau_ccr,0.65,70.37037037037037,63.1578947368421,72.22222222222221,60.86956521739131
PD,h_tau_ccr,0.7,77.77777777777779,67.54385964912281,77.77777777777779,65.21739130434783
PD,h_tau_ccr,0.75,85.18518518518519,71.9298245614035,83.33333333333334,69.56521739130434
PD,h_tau_ccr,0.8,88.88888888888889,77.19298245614034,88.88888888888889,75.36231884057972
PD,random_ccr,0.0,0.0,0.0,0.0,0.0
PD,random_ccr,0.05,0.0,6.140350877192982,2.7777777777777777,5.797101449275362
PD,random_ccr,0.1,7.407407407407421,10.52631578947367,8.333333333333313,10.144927536231885
PD,random_ccr,0.15,11.11111111111111,15.78947368421054,16.666666666666647,13.043478260869565
PD,random_ccr,0.2,11.11111111111111,21.929824561403507,27.777777777777768,15.942028985507244
PD,random_ccr,0.25,25.925925925925924,24.561403508771942,30.555555555555546,21.73913043478261
PD,random_ccr,0.3,33.33333333333335,28.947368421052634,33.33333333333334,27.536231884057973
PD,random_ccr,0.35,37.03703703703704,34.21052631578947,38.8888888888889,31.88405797101449
PD,random_ccr,0.4,44.44444444444444,38.59649122807019,49.999999999999986,34.78260869565217
PD,random_ccr,0.45,48.14814814814816,43.859649122807014,52.77777777777776,40.57971014492754
PD,random_ccr,0.5,51.85185185185186,49.122807017543856,52.77777777777778,47.82608695652174
PD,random_ccr,0.55,59.25925925925925,53.508771929824576,61.11111111111111,50.72463768115942
PD,random_ccr,0.6,59.25925925925925,59.64912280701754,66.66666666666666,56.52173913043478
PD,random_ccr,0.65,66.66666666666666,64.03508771929825,69.44444444444444,62.31884057971014
PD,random_ccr,0.7,66.66666666666666,70.17543859649122,69.44444444444444,69.56521739130434
PD,random_ccr,0.75,70.37037037037037,75.43859649122807,75.0,73.91304347826086
PD,random_ccr,0.8,77.77777777777779,79.82456140350878,77.77777777777779,81.15942028985508
PD,h_total_ccr,0.0,0.0,0.0,0.0,0.0
PD,h_total_ccr,0.05,14.814814814814813,2.631578947368421,8.333333333333353,2.898550724637681
PD,h_total_ccr,0.1,22.22222222222222,7.017543859649122,13.888888888888909,7.246376811594203
PD,h_total_ccr,0.15,40.740740740740755,8.771929824561402,19.444444444444425,11.594202898550714
PD,h_total_ccr,0.2,44.44444444444443,14.035087719298245,27.777777777777768,15.942028985507244
PD,h_total_ccr,0.25,51.85185185185186,18.421052631578945,36.1111111111111,18.84057971014493
PD,h_total_ccr,0.3,55.55555555555556,23.684210526315788,41.66666666666667,23.18840579710145
PD,h_total_ccr,0.35,55.55555555555555,29.82456140350877,47.22222222222222,27.536231884057973
PD,h_total_ccr,0.4,55.55555555555555,35.96491228070175,55.55555555555556,31.88405797101449
PD,h_total_ccr,0.45,62.96296296296296,40.35087719298245,58.33333333333333,37.681159420289845
PD,h_total_ccr,0.5,62.96296296296296,46.49122807017544,61.111111111111114,43.478260869565226
PD,h_total_ccr,0.55,62.96296296296296,52.63157894736842,63.888888888888886,49.275362318840585
PD,h_total_ccr,0.6,66.66666666666666,57.89473684210527,72.22222222222221,53.62318840579711
PD,h_total_ccr,0.65,70.37037037037037,63.1578947368421,72.22222222222221,60.86956521739131
PD,h_total_ccr,0.7,77.77777777777779,67.54385964912281,77.77777777777779,65.21739130434783
PD,h_total_ccr,0.75,85.18518518518519,71.9298245614035,83.33333333333334,69.56521739130434
PD,h_total_ccr,0.8,88.88888888888889,77.19298245614034,88.88888888888889,75.36231884057972
PD,margin_ccr,0.0,0.0,0.0,0.0,0.0
PD,margin_ccr,0.05,14.814814814814813,2.631578947368421,8.333333333333353,2.898550724637681
PD,margin_ccr,0.1,22.22222222222222,7.017543859649122,16.66666666666668,5.797101449275362
PD,margin_ccr,0.15,40.740740740740755,8.771929824561415,25.0,8.695652173913043
PD,margin_ccr,0.2,44.44444444444446,14.035087719298245,33.33333333333333,13.043478260869565
PD,margin_ccr,0.25,51.85185185185185,18.421052631578945,38.88888888888889,17.391304347826086
PD,margin_ccr,0.3,55.55555555555557,23.684210526315777,44.444444444444436,21.73913043478261
PD,margin_ccr,0.35,55.55555555555556,29.82456140350877,55.55555555555557,23.18840579710145
PD,margin_ccr,0.4,55.55555555555556,35.96491228070175,61.111111111111114,28.985507246376812
PD,margin_ccr,0.45,62.962962962962976,40.35087719298245,63.88888888888887,34.78260869565217
PD,margin_ccr,0.5,62.96296296296296,46.49122807017544,63.888888888888886,42.02898550724637
PD,margin_ccr,0.55,62.96296296296296,52.63157894736842,63.888888888888886,49.275362318840585
PD,margin_ccr,0.6,66.66666666666666,57.89473684210527,72.22222222222221,53.62318840579711
PD,margin_ccr,0.65,70.37037037037037,63.1578947368421,72.22222222222221,60.86956521739131
PD,margin_ccr,0.7,77.77777777777779,67.54385964912281,77.77777777777779,65.21739130434783
PD,margin_ccr,0.75,85.18518518518519,71.9298245614035,83.33333333333334,69.56521739130434
PD,margin_ccr,0.8,88.88888888888889,77.19298245614034,88.88888888888889,75.36231884057972
AD,h_total,0.0,0.0,0.0,0.0,0.0
AD,h_total,0.05,19.04761904761903,6.5420560747663545,0.0,1.1102230246251565e-14
AD,h_total,0.1,35.7142857142857,13.084112149532709,0.0,1.5625
AD,h_total,0.15,47.61904761904761,15.887850467289718,10.81081081081081,4.6875
AD,h_total,0.2,50.0,21.495327102803753,18.91891891891892,8.59375
AD,h_total,0.25,61.904761904761905,25.233644859813083,29.729729729729737,10.93750000000001
AD,h_total,0.3,71.42857142857144,26.168224299065418,37.83783783783784,17.1875
AD,h_total,0.35,76.19047619047619,29.90654205607478,54.05405405405405,19.53125000000001
AD,h_total,0.4,83.33333333333334,35.51401869158878,62.16216216216216,22.65625
AD,h_total,0.45,85.71428571428574,41.12149532710281,70.27027027027027,27.34374999999999
AD,h_total,0.5,85.71428571428574,46.728971962616825,78.37837837837837,32.8125
AD,h_total,0.55,85.71428571428571,52.336448598130836,86.48648648648648,37.5
AD,h_total,0.6,85.71428571428574,58.8785046728972,89.1891891891892,43.75
AD,h_total,0.65,92.85714285714286,62.616822429906534,89.1891891891892,50.78125
AD,h_total,0.7,95.23809523809523,69.1588785046729,91.8918918918919,55.46875
AD,h_total,0.75,97.61904761904762,75.70093457943925,91.8918918918919,61.71875
AD,h_total,0.8,97.61904761904762,82.2429906542056,94.5945945945946,67.96875
AD,margin,0.0,0.0,0.0,0.0,0.0
AD,margin,0.05,16.666666666666682,2.803738317757009,2.7027027027027217,3.124999999999989
AD,margin,0.1,23.809523809523792,4.672897196261682,16.216216216216196,7.8125
AD,margin,0.15,28.57142857142855,11.214953271028037,24.324324324324326,10.93750000000001
AD,margin,0.2,42.85714285714287,13.084112149532709,32.432432432432435,14.0625
AD,margin,0.25,47.61904761904763,18.691588785046715,43.24324324324325,17.1875
AD,margin,0.3,54.761904761904745,22.429906542056074,56.756756756756744,20.3125
AD,margin,0.35,61.904761904761905,25.233644859813097,67.56756756756756,24.21875
AD,margin,0.4,66.66666666666666,25.233644859813083,75.67567567567568,32.8125
AD,margin,0.45,73.80952380952381,27.102803738317753,86.48648648648648,38.28125
AD,margin,0.5,80.95238095238095,31.775700934579437,89.1891891891892,43.75
AD,margin,0.55,85.71428571428571,38.31775700934579,89.1891891891892,48.437500000000014
AD,margin,0.6,85.71428571428571,44.85981308411215,89.1891891891892,55.46875
AD,margin,0.65,85.71428571428571,50.46728971962617,91.8918918918919,62.5
AD,margin,0.7,85.71428571428571,56.074766355140184,94.5945945945946,68.75
AD,margin,0.75,90.47619047619048,61.6822429906542,97.2972972972973,74.21875
AD,margin,0.8,95.23809523809523,66.35514018691589,100.0,80.46875
AD,h_tau,0.0,0.0,0.0,0.0,0.0
AD,h_tau,0.05,16.666666666666682,2.803738317757009,2.7027027027027217,3.124999999999989
AD,h_tau,0.1,23.809523809523807,6.542056074766342,16.216216216216235,6.249999999999989
AD,h_tau,0.15,28.57142857142855,11.214953271028037,24.324324324324326,10.93750000000001
AD,h_tau,0.2,45.238095238095255,14.953271028037381,32.432432432432414,11.71874999999999
AD,h_tau,0.25,47.61904761904763,21.49532710280374,37.83783783783783,16.40625
AD,h_tau,0.3,59.52380952380951,24.299065420560748,48.64864864864867,19.53125000000001
AD,h_tau,0.35,66.66666666666669,25.233644859813097,67.56756756756756,22.65625
AD,h_tau,0.4,73.80952380952381,27.102803738317743,70.27027027027029,30.46875
AD,h_tau,0.45,78.57142857142857,31.775700934579437,81.08108108108108,34.375
AD,h_tau,0.5,85.71428571428571,38.31775700934579,86.48648648648648,37.5
AD,h_tau,0.55,85.71428571428571,44.85981308411215,89.1891891891892,42.96875
AD,h_tau,0.6,85.71428571428571,50.46728971962617,89.1891891891892,50.78125
AD,h_tau,0.65,85.71428571428571,58.87850467289719,91.8918918918919,55.46875
AD,h_tau,0.7,92.85714285714286,63.55140186915887,91.8918918918919,60.9375
AD,h_tau,0.75,95.23809523809523,71.02803738317756,91.8918918918919,66.40625
AD,h_tau,0.8,97.61904761904762,78.50467289719626,94.5945945945946,71.09375
AD,h_tau_ccr,0.0,0.0,0.0,0.0,0.0
AD,h_tau_ccr,0.05,9.523809523809524,2.8037383177569963,8.108108108108109,3.90625
AD,h_tau_ccr,0.1,21.428571428571427,4.672897196261682,16.216216216216196,7.8125
AD,h_tau_ccr,0.15,28.57142857142855,9.345794392523365,27.027027027027017,10.93750000000001
AD,h_tau_ccr,0.2,35.7142857142857,13.084112149532709,32.432432432432435,16.40625
AD,h_tau_ccr,0.25,47.61904761904761,15.887850467289718,48.64864864864867,17.96875
AD,h_tau_ccr,0.3,50.0,21.495327102803753,56.756756756756744,21.875
AD,h_tau_ccr,0.35,59.523809523809526,25.233644859813097,67.56756756756756,25.0
AD,h_tau_ccr,0.4,73.8095238095238,26.168224299065418,70.27027027027027,31.24999999999999
AD,h_tau_ccr,0.45,78.57142857142857,31.775700934579437,81.08108108108108,34.375
AD,h_tau_ccr,0.5,83.33333333333334,36.448598130841134,86.48648648648648,39.0625
AD,h_tau_ccr,0.55,85.71428571428571,42.05607476635514,89.1891891891892,44.53125
AD,h_tau_ccr,0.6,85.71428571428571,49.532710280373834,89.1891891891892,51.5625
AD,h_tau_ccr,0.65,85.71428571428571,56.07476635514019,91.8918918918919,57.03125
AD,h_tau_ccr,0.7,90.47619047619048,61.6822429906542,91.8918918918919,63.28125
AD,h_tau_ccr,0.75,95.23809523809523,66.35514018691589,94.5945945945946,68.75
AD,h_tau_ccr,0.8,97.61904761904762,72.89719626168224,97.2972972972973,75.0
AD,random_ccr,0.0,0.0,0.0,0.0,0.0
AD,random_ccr,0.05,9.523809523809506,2.803738317757009,5.405405405405405,4.687500000000011
AD,random_ccr,0.1,16.666666666666664,6.5420560747663545,5.405405405405405,10.93750000000001
AD,random_ccr,0.15,21.42857142857145,12.149532710280374,5.405405405405387,17.1875
AD,random_ccr,0.2,23.80952380952382,17.75700934579439,10.81081081081081,22.65625
AD,random_ccr,0.25,33.33333333333333,21.49532710280374,16.216216216216218,27.34374999999999
AD,random_ccr,0.3,38.09523809523809,26.168224299065418,21.62162162162163,32.03125
AD,random_ccr,0.35,42.857142857142854,31.775700934579437,24.324324324324326,37.499999999999986
AD,random_ccr,0.4,49.999999999999986,35.51401869158878,32.432432432432435,42.1875
AD,random_ccr,0.45,59.52380952380953,39.25233644859813,35.13513513513514,47.656249999999986
AD,random_ccr,0.5,61.904761904761905,44.85981308411215,37.83783783783783,53.125
AD,random_ccr,0.55,66.66666666666666,49.532710280373834,43.24324324324322,57.8125
AD,random_ccr,0.6,73.8095238095238,54.20560747663551,48.64864864864865,63.28125
AD,random_ccr,0.65,78.57142857142857,58.87850467289719,54.05405405405407,67.96875
AD,random_ccr,0.7,83.33333333333334,64.48598130841121,56.75675675675676,73.4375
AD,random_ccr,0.75,83.33333333333334,71.02803738317756,64.86486486486487,77.34375
AD,random_ccr,0.8,85.71428571428571,77.57009345794393,75.67567567567568,81.25
AD,h_total_ccr,0.0,0.0,0.0,0.0,0.0
AD,h_total_ccr,0.05,7.142857142857177,3.7383177570093595,8.108108108108109,3.90625
AD,h_total_ccr,0.1,19.04761904761903,5.607476635514018,16.216216216216218,7.8125
AD,h_total_ccr,0.15,26.190476190476193,10.2803738317757,27.027027027027035,10.93750000000001
AD,h_total_ccr,0.2,35.7142857142857,13.084112149532709,32.432432432432435,16.40625
AD,h_total_ccr,0.25,47.61904761904761,15.887850467289718,48.64864864864867,17.96875
AD,h_total_ccr,0.3,50.0,21.495327102803753,56.756756756756744,21.875
AD,h_total_ccr,0.35,59.523809523809526,25.233644859813097,67.56756756756756,25.0
AD,h_total_ccr,0.4,73.8095238095238,26.168224299065418,70.27027027027027,31.24999999999999
AD,h_total_ccr,0.45,78.57142857142857,31.775700934579437,81.08108108108108,34.375
AD,h_total_ccr,0.5,83.33333333333334,36.448598130841134,86.48648648648648,39.0625
AD,h_total_ccr,0.55,85.71428571428571,42.05607476635514,89.1891891891892,44.53125
AD,h_total_ccr,0.6,85.71428571428571,49.532710280373834,89.1891891891892,51.5625
AD,h_total_ccr,0.65,85.71428571428571,56.07476635514019,91.8918918918919,57.03125
AD,h_total_ccr,0.7,90.47619047619048,61.6822429906542,91.8918918918919,63.28125
AD,h_total_ccr,0.75,95.23809523809523,66.35514018691589,94.5945945945946,68.75
AD,h_total_ccr,0.8,97.61904761904762,72.89719626168224,97.2972972972973,75.0
AD,margin_ccr,0.0,0.0,0.0,0.0,0.0
AD,margin_ccr,0.05,9.523809523809524,2.8037383177569963,8.108108108108109,3.90625
AD,margin_ccr,0.1,21.428571428571427,4.672897196261682,16.216216216216196,7.8125
AD,margin_ccr,0.15,28.57142857142855,9.345794392523365,27.027027027027017,10.93750000000001
AD,margin_ccr,0.2,35.7142857142857,13.084112149532709,32.432432432432435,16.40625
AD,margin_ccr,0.25,47.61904761904761,15.887850467289718,48.64864864864867,17.96875
AD,margin_ccr,0.3,50.0,21.495327102803753,56.756756756756744,21.875
AD,margin_ccr,0.35,59.523809523809526,25.233644859813097,67.56756756756756,25.0
AD,margin_ccr,0.4,73.8095238095238,26.168224299065418,70.27027027027027,31.24999999999999
AD,margin_ccr,0.45,78.57142857142857,31.775700934579437,81.08108108108108,34.375
AD,margin_ccr,0.5,83.33333333333334,36.448598130841134,86.48648648648648,39.0625
AD,margin_ccr,0.55,85.71428571428571,42.05607476635514,89.1891891891892,44.53125
AD,margin_ccr,0.6,85.71428571428571,49.532710280373834,89.1891891891892,51.5625
AD,margin_ccr,0.65,85.71428571428571,56.07476635514019,91.8918918918919,57.03125
AD,margin_ccr,0.7,90.47619047619048,61.6822429906542,91.8918918918919,63.28125
AD,margin_ccr,0.75,95.23809523809523,66.35514018691589,94.5945945945946,68.75
AD,margin_ccr,0.8,97.61904761904762,72.89719626168224,97.2972972972973,75.0
