disease,tau,method,method_label,rejection_rate,sensitivity,specificity,auprc,n_retained,minority_coverage,majority_coverage
MS,0.13,h_total,H_Total (Global),0.0,0.6630434782608695,0.7145135566188198,0.289525154026269,719,1.0,1.0
MS,0.13,h_total,H_Total (Global),0.05,0.6075949367088608,0.740495867768595,0.264565842868292,684,0.8586956521739131,0.9649122807017544
MS,0.13,h_total,H_Total (Global),0.1,0.5373134328358209,0.7710843373493976,0.22777905916295776,648,0.7282608695652174,0.9266347687400319
MS,0.13,h_total,H_Total (Global),0.15,0.4745762711864407,0.810126582278481,0.22801332325016843,612,0.6413043478260869,0.8819776714513556
MS,0.13,h_total,H_Total (Global),0.2,0.3404255319148936,0.8468809073724007,0.16525097147649395,576,0.5108695652173914,0.8437001594896332
MS,0.13,h_total,H_Total (Global),0.25,0.225,0.896,0.19559151102843597,540,0.43478260869565216,0.7974481658692185
MS,0.13,h_total,H_Total (Global),0.3,0.08823529411764706,0.9531914893617022,0.15505493207992482,504,0.3695652173913043,0.7496012759170654
MS,0.13,h_total,H_Total (Global),0.35,0.0,1.0,0.16424929124296303,468,0.31521739130434784,0.7001594896331739
MS,0.13,h_total,H_Total (Global),0.4,0.0,1.0,0.10091642247430418,432,0.2391304347826087,0.6539074960127592
MS,0.13,h_total,H_Total (Global),0.45,0.0,1.0,0.11415513269063243,396,0.21739130434782608,0.5996810207336523
MS,0.13,h_total,H_Total (Global),0.5,0.0,1.0,0.14338557598841004,360,0.16304347826086957,0.5502392344497608
MS,0.13,h_total,H_Total (Global),0.55,0.0,1.0,0.05257588546542177,324,0.14130434782608695,0.4960127591706539
MS,0.13,h_total,H_Total (Global),0.6,0.0,1.0,0.04695555447634157,288,0.11956521739130435,0.44178628389154706
MS,0.13,h_total,H_Total (Global),0.65,0.0,1.0,0.03319862031670501,252,0.09782608695652174,0.3875598086124402
MS,0.13,h_total,H_Total (Global),0.7,0.0,1.0,0.047776511563434626,216,0.09782608695652174,0.33014354066985646
MS,0.13,h_total,H_Total (Global),0.75,0.0,1.0,0.045993451640776346,180,0.07608695652173914,0.2759170653907496
MS,0.13,h_total,H_Total (Global),0.8,0.0,1.0,0.056900334321380724,144,0.06521739130434782,0.22009569377990432
MS,0.13,margin,Margin (Global),0.0,0.6630434782608695,0.7145135566188198,0.289525154026269,719,1.0,1.0
MS,0.13,margin,Margin (Global),0.05,0.6818181818181818,0.7332214765100671,0.29410111681687895,684,0.9565217391304348,0.9505582137161085
MS,0.13,margin,Margin (Global),0.1,0.7037037037037037,0.7407407407407407,0.29668385034520917,648,0.8804347826086957,0.9043062200956937
MS,0.13,margin,Margin (Global),0.15,0.7368421052631579,0.7444029850746269,0.29981336569614253,612,0.8260869565217391,0.8548644338118022
MS,0.13,margin,Margin (Global),0.2,0.7466666666666667,0.7405189620758483,0.3058914709120067,576,0.8152173913043478,0.7990430622009569
MS,0.13,margin,Margin (Global),0.25,0.7761194029850746,0.7315010570824524,0.3063153798832907,540,0.7282608695652174,0.7543859649122807
MS,0.13,margin,Margin (Global),0.3,0.7903225806451613,0.7262443438914027,0.3087335108829981,504,0.6739130434782609,0.7049441786283892
MS,0.13,margin,Margin (Global),0.35,0.8166666666666667,0.7156862745098039,0.31297286960826376,468,0.6521739130434783,0.6507177033492823
MS,0.13,margin,Margin (Global),0.4,0.8245614035087719,0.7093333333333334,0.31637426809043684,432,0.6195652173913043,0.5980861244019139
MS,0.13,margin,Margin (Global),0.45,0.8392857142857143,0.6852941176470588,0.3200466843352219,396,0.6086956521739131,0.5422647527910686
MS,0.13,margin,Margin (Global),0.5,0.8363636363636363,0.6557377049180327,0.3243906738736189,360,0.5978260869565217,0.4864433811802233
MS,0.13,margin,Margin (Global),0.55,0.8653846153846154,0.6323529411764706,0.3292692478318778,324,0.5652173913043478,0.43381180223285487
MS,0.13,margin,Margin (Global),0.6,0.88,0.5966386554621849,0.33359447503616624,288,0.5434782608695652,0.379585326953748
MS,0.13,margin,Margin (Global),0.65,0.8958333333333334,0.5441176470588235,0.3384165719062923,252,0.5217391304347826,0.3253588516746411
MS,0.13,margin,Margin (Global),0.7,0.9545454545454546,0.47674418604651164,0.34337529837530645,216,0.4782608695652174,0.2743221690590112
MS,0.13,margin,Margin (Global),0.75,0.9512195121951219,0.38848920863309355,0.34702519447236246,180,0.44565217391304346,0.22169059011164274
MS,0.13,margin,Margin (Global),0.8,1.0,0.23148148148148148,0.3545582913573354,144,0.391304347826087,0.1722488038277512
MS,0.13,h_tau,H_tau (Global),0.0,0.6630434782608695,0.7145135566188198,0.289525154026269,719,1.0,1.0
MS,0.13,h_tau,H_tau (Global),0.05,0.6590909090909091,0.7483221476510067,0.29424807525902497,684,0.9565217391304348,0.9505582137161085
MS,0.13,h_tau,H_tau (Global),0.1,0.6375,0.778169014084507,0.294892535023849,648,0.8695652173913043,0.9059011164274322
MS,0.13,h_tau,H_tau (Global),0.15,0.6216216216216216,0.8048327137546468,0.2983311812197537,612,0.8043478260869565,0.8580542264752791
MS,0.13,h_tau,H_tau (Global),0.2,0.5873015873015873,0.8362573099415205,0.2912905998654591,576,0.6847826086956522,0.8181818181818182
MS,0.13,h_tau,H_tau (Global),0.25,0.5714285714285714,0.871900826446281,0.2916639555628564,540,0.6086956521739131,0.7719298245614035
MS,0.13,h_tau,H_tau (Global),0.3,0.5319148936170213,0.8971553610503282,0.27940354656450384,504,0.5108695652173914,0.7288676236044657
MS,0.13,h_tau,H_tau (Global),0.35,0.47368421052631576,0.9232558139534883,0.25655306482646073,468,0.41304347826086957,0.6858054226475279
MS,0.13,h_tau,H_tau (Global),0.4,0.4117647058823529,0.9422110552763819,0.2604114702564171,432,0.3695652173913043,0.6347687400318979
MS,0.13,h_tau,H_tau (Global),0.45,0.4,0.9487870619946092,0.21572898037422591,396,0.2717391304347826,0.5917065390749602
MS,0.13,h_tau,H_tau (Global),0.5,0.2777777777777778,0.9678362573099415,0.15573348562668904,360,0.1956521739130435,0.5454545454545454
MS,0.13,h_tau,H_tau (Global),0.55,0.13333333333333333,0.9805825242718447,0.1284569307314525,324,0.16304347826086957,0.49282296650717705
MS,0.13,h_tau,H_tau (Global),0.6,0.08333333333333333,0.9927536231884058,0.08631932492716105,288,0.13043478260869565,0.44019138755980863
MS,0.13,h_tau,H_tau (Global),0.65,0.0,0.9917695473251029,0.03319862031670501,252,0.09782608695652174,0.3875598086124402
MS,0.13,h_tau,H_tau (Global),0.7,0.0,0.9951690821256038,0.047776511563434626,216,0.09782608695652174,0.33014354066985646
MS,0.13,h_tau,H_tau (Global),0.75,0.0,1.0,0.045993451640776346,180,0.07608695652173914,0.2759170653907496
MS,0.13,h_tau,H_tau (Global),0.8,0.0,1.0,0.056900334321380724,144,0.06521739130434782,0.22009569377990432
MS,0.13,h_tau_ccr,H_tau + CCR (Proposed),0.0,0.6630434782608695,0.7145135566188198,0.289525154026269,719,1.0,1.0
MS,0.13,h_tau_ccr,H_tau + CCR (Proposed),0.05,0.7011494252873564,0.7202680067001676,0.293558086379447,684,0.9456521739130435,0.9521531100478469
MS,0.13,h_tau_ccr,H_tau + CCR (Proposed),0.1,0.725,0.721830985915493,0.29612691583290435,648,0.8695652173913043,0.9059011164274322
MS,0.13,h_tau_ccr,H_tau + CCR (Proposed),0.15,0.7402597402597403,0.7252336448598131,0.30038441814077516,612,0.8369565217391305,0.8532695374800638
MS,0.13,h_tau_ccr,H_tau + CCR (Proposed),0.2,0.7567567567567568,0.7290836653386454,0.3052093134123437,576,0.8043478260869565,0.8006379585326954
MS,0.13,h_tau_ccr,H_tau + CCR (Proposed),0.25,0.7878787878787878,0.729957805907173,0.3058719180709936,540,0.717391304347826,0.7559808612440191
MS,0.13,h_tau_ccr,H_tau + CCR (Proposed),0.3,0.7903225806451613,0.7307692307692307,0.3087335108829981,504,0.6739130434782609,0.7049441786283892
MS,0.13,h_tau_ccr,H_tau + CCR (Proposed),0.35,0.7833333333333333,0.7328431372549019,0.3130353720497654,468,0.6521739130434783,0.6507177033492823
MS,0.13,h_tau_ccr,H_tau + CCR (Proposed),0.4,0.8035714285714286,0.7367021276595744,0.31555447756701527,432,0.6086956521739131,0.5996810207336523
MS,0.13,h_tau_ccr,H_tau + CCR (Proposed),0.45,0.8076923076923077,0.7383720930232558,0.3177753255980936,396,0.5652173913043478,0.5486443381180224
MS,0.13,h_tau_ccr,H_tau + CCR (Proposed),0.5,0.8,0.7333333333333333,0.3178204985084817,360,0.4891304347826087,0.5023923444976076
MS,0.13,h_tau_ccr,H_tau + CCR (Proposed),0.55,0.7857142857142857,0.7340425531914894,0.32242627336434976,324,0.45652173913043476,0.44976076555023925
MS,0.13,h_tau_ccr,H_tau + CCR (Proposed),0.6,0.7804878048780488,0.7408906882591093,0.33102215281473213,288,0.44565217391304346,0.3939393939393939
MS,0.13,h_tau_ccr,H_tau + CCR (Proposed),0.65,0.8285714285714286,0.7465437788018433,0.3334309642608415,252,0.3804347826086957,0.34609250398724084
MS,0.13,h_tau_ccr,H_tau + CCR (Proposed),0.7,0.8064516129032258,0.745945945945946,0.33560483530583285,216,0.33695652173913043,0.29505582137161085
MS,0.13,h_tau_ccr,H_tau + CCR (Proposed),0.75,0.8076923076923077,0.7467532467532467,0.3395004390004914,180,0.2826086956521739,0.24561403508771928
MS,0.13,h_tau_ccr,H_tau + CCR (Proposed),0.8,0.8571428571428571,0.7560975609756098,0.34652038523500633,144,0.22826086956521738,0.19617224880382775
MS,0.13,random_ccr,Random + CCR (Control),0.0,0.6630434782608695,0.7145135566188198,0.289525154026269,719,1.0,1.0
MS,0.13,random_ccr,Random + CCR (Control),0.05,0.6627906976744186,0.7140468227424749,0.2871586194798802,684,0.9347826086956522,0.9537480063795853
MS,0.13,random_ccr,Random + CCR (Control),0.1,0.6547619047619048,0.7145390070921985,0.29947390772965027,648,0.9130434782608695,0.8995215311004785
MS,0.13,random_ccr,Random + CCR (Control),0.15,0.6410256410256411,0.7116104868913857,0.28146274048726666,612,0.8478260869565217,0.8516746411483254
MS,0.13,random_ccr,Random + CCR (Control),0.2,0.6533333333333333,0.7145708582834331,0.2894398739056671,576,0.8152173913043478,0.7990430622009569
MS,0.13,random_ccr,Random + CCR (Control),0.25,0.6716417910447762,0.7145877378435518,0.2932770873751944,540,0.7282608695652174,0.7543859649122807
MS,0.13,random_ccr,Random + CCR (Control),0.3,0.7049180327868853,0.7178329571106095,0.30749049067198825,504,0.6630434782608695,0.7065390749601276
MS,0.13,random_ccr,Random + CCR (Control),0.35,0.7,0.7205882352941176,0.3422344759541942,468,0.6521739130434783,0.6507177033492823
MS,0.13,random_ccr,Random + CCR (Control),0.4,0.7192982456140351,0.7253333333333334,0.3795555101606583,432,0.6195652173913043,0.5980861244019139
MS,0.13,random_ccr,Random + CCR (Control),0.45,0.7450980392156863,0.7275362318840579,0.3968999662277045,396,0.5543478260869565,0.5502392344497608
MS,0.13,random_ccr,Random + CCR (Control),0.5,0.7391304347826086,0.7261146496815286,0.4066550059963564,360,0.5,0.5007974481658692
MS,0.13,random_ccr,Random + CCR (Control),0.55,0.775,0.7288732394366197,0.4125990075808919,324,0.43478260869565216,0.4529505582137161
MS,0.13,random_ccr,Random + CCR (Control),0.6,0.7837837837837838,0.7330677290836654,0.42438079691567065,288,0.40217391304347827,0.4003189792663477
MS,0.13,random_ccr,Random + CCR (Control),0.65,0.75,0.7272727272727273,0.4337518530771224,252,0.34782608695652173,0.3508771929824561
MS,0.13,random_ccr,Random + CCR (Control),0.7,0.7666666666666667,0.7365591397849462,0.47074120329271973,216,0.32608695652173914,0.2966507177033493
MS,0.13,random_ccr,Random + CCR (Control),0.75,0.7692307692307693,0.7402597402597403,0.49271030855223175,180,0.2826086956521739,0.24561403508771928
MS,0.13,random_ccr,Random + CCR (Control),0.8,0.8,0.7419354838709677,0.544198533096816,144,0.21739130434782608,0.19776714513556617
